Age,Gender,OwnHome,Married,Location,Salary,Children,History,Catalogs,AmountSpent,cust_Id
Old,Female,Own,Single,Far,47500,0,High,6,755,1
Middle,Male,Rent,Single,Close,63600,0,High,6,1318,2
Young,Female,Rent,Single,Close,13500,0,Low,18,296,3
Middle,Male,Own,Married,Close,85600,1,High,18,2436,4
Middle,Female,Own,Single,Close,68400,0,High,12,1304,5
Young,Male,Own,Married,Close,30400,0,Low,6,495,6
Middle,Female,Rent,Single,Close,48100,0,Medium,12,782,7
Middle,Male,Own,Single,Close,68400,0,High,18,1155,8
Middle,Female,Own,Married,Close,51900,3,Low,6,158,9
Old,Male,Own,Married,Far,80700,0,NA,18,3034,10
Young,Male,Rent,Married,Close,43700,1,NA,12,927,11
Middle,Male,Own,Married,Far,111800,3,High,18,2065,12
Middle,Female,Own,Married,Close,44100,1,Medium,24,704,13
Middle,Male,Own,Married,Close,111400,0,High,12,2136,14
Old,Female,Own,Married,Far,110000,0,High,24,5564,15
Middle,Female,Own,Married,Far,83100,1,NA,12,2766,16
Old,Female,Own,Married,Close,82800,0,High,24,3010,17
Middle,Male,Own,Married,Close,90100,0,High,18,1956,18
Middle,Male,Rent,Single,Close,38600,1,Low,18,542,19
Old,Female,Rent,Single,Far,14000,0,Low,12,410,20
Young,Female,Rent,Single,Far,14300,2,Low,6,194,21
Young,Male,Rent,Married,Close,49800,0,Medium,12,827,22
Old,Female,Rent,Married,Far,60200,0,High,18,2328,23
Young,Male,Rent,Married,Far,43500,1,Medium,12,808,24
Young,Female,Rent,Married,Close,41700,1,NA,6,521,25
Middle,Female,Own,Married,Close,92300,3,Low,18,655,26
Middle,Male,Own,Single,Close,62800,3,NA,6,707,27
Middle,Female,Rent,Married,Far,72900,0,High,18,2075,28
Middle,Female,Rent,Married,Close,66900,2,Medium,12,769,29
Young,Male,Rent,Single,Close,21700,1,NA,18,774,30
Old,Female,Rent,Married,Close,39700,0,Medium,12,573,31
Middle,Male,Rent,Married,Far,72200,1,High,12,2082,32
Middle,Female,Rent,Married,Close,87700,3,NA,24,2446,33
Middle,Male,Own,Married,Close,104100,0,High,24,2636,34
Middle,Male,Rent,Single,Far,67700,0,High,12,2226,35
Middle,Female,Own,Single,Close,27000,2,Low,6,183,36
Middle,Female,Own,Single,Far,64100,2,High,24,1595,37
Middle,Male,Rent,Single,Close,47000,1,Medium,12,584,38
Old,Female,Own,Married,Close,41600,0,NA,18,982,39
Old,Female,Rent,Single,Close,20100,0,Low,24,576,40
Middle,Male,Own,Single,Close,64000,3,Low,12,410,41
Middle,Female,Own,Married,Far,96800,3,NA,24,3082,42
Middle,Male,Rent,Married,Close,76200,1,NA,24,2437,43
Old,Female,Rent,Married,Far,81500,0,High,18,3655,44
Middle,Female,Own,Single,Close,49600,1,Medium,12,844,45
Old,Female,Own,Married,Close,111500,0,High,18,2510,46
Middle,Male,Own,Married,Close,77700,0,NA,6,983,47
Young,Male,Own,Married,Close,58900,0,NA,18,1215,48
Middle,Male,Own,Married,Close,126500,2,High,18,2000,49
Middle,Female,Own,Married,Close,83300,1,High,24,2574,50
Middle,Female,Own,Married,Close,90500,1,High,6,1116,51
Middle,Female,Own,Married,Far,87200,0,High,18,3604,52
Middle,Female,Own,Married,Close,105300,1,NA,24,3360,53
Middle,Female,Own,Single,Far,56000,3,Medium,6,530,54
Middle,Female,Rent,Single,Close,46600,0,Medium,24,906,55
Old,Male,Rent,Married,Close,69800,0,High,24,2764,56
Middle,Male,Own,Single,Close,60300,0,High,24,1263,57
Young,Male,Rent,Married,Close,67800,0,High,12,1084,58
Middle,Male,Rent,Single,Close,42300,0,Medium,24,1051,59
Young,Female,Own,Married,Far,33700,0,NA,6,614,60
Middle,Male,Own,Single,Close,62700,2,Medium,12,704,61
Young,Female,Own,Single,Close,25900,2,NA,12,449,62
Young,Female,Own,Single,Close,15600,1,Low,6,136,63
Old,Female,Own,Single,Close,14600,0,Low,24,468,64
Old,Female,Own,Married,Close,62600,0,High,6,565,65
Young,Male,Rent,Married,Close,66700,0,NA,18,1310,66
Middle,Male,Own,Married,Far,72500,0,NA,24,2595,67
Young,Female,Rent,Single,Far,13200,0,NA,24,358,68
Middle,Female,Own,Single,Close,51300,0,Medium,24,1424,69
Middle,Male,Own,Single,Far,72300,0,High,24,4182,70
Young,Female,Rent,Single,Close,15600,0,NA,12,468,71
Middle,Female,Own,Married,Far,90400,1,High,18,2924,72
Middle,Male,Own,Single,Far,71500,0,NA,6,964,73
Young,Male,Rent,Single,Close,14400,0,NA,24,615,74
Young,Male,Rent,Single,Close,15000,3,Low,6,38,75
Middle,Male,Own,Single,Close,57600,1,NA,6,1006,76
Young,Female,Rent,Married,Close,60600,3,Low,12,307,77
Middle,Male,Own,Married,Far,84300,2,High,18,1648,78
Young,Female,Own,Single,Close,24400,1,Low,6,220,79
Young,Female,Rent,Single,Close,22100,2,Low,18,280,80
Middle,Male,Rent,Married,Far,48800,2,NA,12,1647,81
Middle,Female,Own,Married,Close,74700,1,Medium,6,704,82
Young,Female,Rent,Single,Far,32400,1,Medium,24,920,83
Old,Female,Own,Single,Close,11400,0,NA,6,258,84
Middle,Male,Own,Married,Close,127000,0,NA,12,1821,85
Middle,Male,Rent,Single,Close,47200,0,Medium,18,1587,86
Middle,Female,Own,Single,Close,48700,2,Low,12,528,87
Young,Male,Rent,Single,Far,20400,0,Medium,18,867,88
Middle,Male,Rent,Single,Close,39000,0,NA,6,643,89
Young,Female,Rent,Single,Close,12900,1,Low,6,107,90
Middle,Female,Rent,Married,Far,67300,1,High,18,1513,91
Old,Male,Own,Married,Close,134500,0,High,24,4558,92
Old,Male,Own,Married,Close,75500,0,High,6,741,93
Old,Female,Own,Married,Far,33600,2,Medium,12,805,94
Young,Female,Rent,Single,Close,16300,1,NA,12,470,95
Young,Male,Rent,Married,Close,27400,1,Low,6,278,96
Middle,Female,Own,Married,Close,110400,3,Low,24,1093,97
Young,Female,Rent,Single,Far,21100,1,Low,6,470,98
Middle,Male,Own,Married,Close,81200,0,High,24,1856,99
Middle,Male,Rent,Married,Far,87100,2,High,18,1688,100
Young,Female,Rent,Single,Far,21700,3,NA,24,708,101
Middle,Female,Rent,Single,Close,42200,0,NA,18,1753,102
Middle,Male,Rent,Single,Far,59000,0,High,24,3044,103
Middle,Female,Own,Single,Close,52700,2,Low,18,855,104
Young,Male,Own,Single,Close,20900,0,Low,24,550,105
Middle,Male,Own,Married,Far,90700,3,High,24,2265,106
Old,Female,Own,Married,Far,91800,0,NA,24,2452,107
Young,Female,Own,Single,Far,27900,0,Medium,18,1184,108
Old,Female,Own,Married,Close,70700,0,High,24,2150,109
Middle,Male,Own,Married,Close,79600,2,NA,6,1575,110
Middle,Male,Rent,Married,Close,96400,1,High,24,1822,111
Middle,Female,Own,Single,Close,46600,2,NA,18,1153,112
Old,Male,Own,Married,Close,106600,0,High,12,1877,113
Middle,Female,Rent,Married,Close,104900,3,Low,6,450,114
Old,Male,Rent,Single,Close,56300,0,Medium,6,873,115
Young,Female,Rent,Single,Close,14800,1,Low,6,209,116
Old,Male,Own,Married,Close,58300,0,Medium,24,1472,117
Middle,Male,Own,Single,Far,70200,0,High,12,1702,118
Old,Male,Own,Married,Far,59700,0,High,18,1857,119
Young,Male,Rent,Single,Close,25800,0,NA,6,451,120
Young,Female,Rent,Single,Close,12000,0,Low,24,344,121
Middle,Male,Rent,Single,Far,51900,0,High,18,1492,122
Middle,Female,Own,Single,Far,66800,3,NA,24,2098,123
Middle,Male,Own,Married,Close,105300,1,NA,18,3505,124
Young,Female,Rent,Single,Far,13800,3,Low,6,127,125
Young,Male,Rent,Single,Close,14800,3,NA,12,436,126
Middle,Female,Own,Married,Far,44200,0,High,24,2524,127
Young,Male,Rent,Single,Close,10400,0,NA,18,189,128
Middle,Female,Own,Single,Close,35200,0,Medium,12,607,129
Young,Female,Rent,Single,Far,16100,0,NA,6,202,130
Middle,Male,Own,Married,Close,113000,2,Medium,18,1554,131
Middle,Male,Own,Married,Close,63300,2,NA,6,633,132
Young,Male,Rent,Single,Close,19100,0,NA,6,176,133
Middle,Female,Own,Married,Close,93400,2,NA,24,3079,134
Old,Female,Rent,Married,Far,52500,0,High,24,2038,135
Middle,Female,Rent,Married,Far,45400,3,Medium,24,1203,136
Young,Female,Own,Single,Far,21400,3,NA,6,326,137
Middle,Female,Own,Single,Close,53700,3,Low,12,235,138
Young,Female,Own,Married,Far,68000,0,High,24,3688,139
Young,Male,Rent,Single,Close,17400,0,NA,12,332,140
Young,Female,Rent,Single,Close,14600,1,Low,6,143,141
Old,Female,Own,Married,Far,100100,0,High,12,3104,142
Middle,Male,Own,Married,Far,103700,1,High,24,2339,143
Young,Female,Rent,Single,Far,10800,3,Low,6,123,144
Middle,Female,Own,Married,Close,81700,3,Low,24,879,145
Old,Female,Rent,Single,Close,21400,0,Low,18,498,146
Old,Female,Own,Married,Close,114800,0,High,18,3596,147
Old,Female,Own,Married,Far,67900,0,High,24,2925,148
Middle,Male,Own,Married,Close,53700,1,NA,12,1081,149
Young,Female,Rent,Single,Far,11400,3,NA,12,312,150
Young,Male,Rent,Married,Close,34300,3,NA,12,1297,151
Young,Female,Rent,Single,Close,16400,1,Low,12,218,152
Middle,Female,Own,Married,Far,109800,0,High,18,4279,153
Middle,Male,Own,Single,Close,64200,0,High,18,1642,154
Young,Male,Rent,Single,Close,17000,0,NA,18,581,155
Middle,Female,Rent,Single,Close,41400,3,Low,6,223,156
Middle,Female,Own,Single,Close,49100,2,Low,6,474,157
Old,Female,Own,Single,Far,42600,0,High,24,1790,158
Young,Female,Rent,Single,Close,11900,1,Low,6,143,159
Middle,Male,Own,Married,Far,113600,2,High,18,3237,160
Middle,Male,Own,Single,Close,52900,1,NA,24,2316,161
Young,Female,Rent,Single,Close,14300,1,NA,18,458,162
Young,Male,Rent,Single,Close,21000,0,Low,24,646,163
Middle,Male,Own,Single,Far,59600,2,Medium,18,1217,164
Middle,Female,Rent,Single,Close,39700,3,Low,12,238,165
Old,Male,Own,Married,Close,51200,0,Medium,12,1293,166
Middle,Female,Own,Married,Close,88200,0,NA,24,2749,167
Middle,Male,Own,Married,Far,122100,0,High,12,2408,168
Old,Female,Rent,Married,Close,84800,0,High,18,2624,169
Middle,Male,Own,Married,Far,140000,0,High,12,4894,170
Old,Female,Own,Single,Close,28500,0,Low,24,621,171
Middle,Male,Rent,Single,Close,60300,0,High,6,701,172
Young,Female,Rent,Married,Far,51900,0,NA,6,780,173
Middle,Male,Own,Single,Close,60200,0,Medium,12,1365,174
Middle,Male,Own,Married,Far,81200,0,High,12,2693,175
Old,Male,Own,Married,Close,73100,0,High,6,1582,176
Old,Male,Own,Single,Close,45700,0,Medium,18,724,177
Old,Female,Rent,Single,Close,28900,0,Low,12,830,178
Young,Female,Rent,Married,Close,60100,0,NA,18,1594,179
Middle,Female,Own,Married,Close,84800,1,NA,12,1826,180
Old,Female,Own,Married,Close,35000,0,Medium,6,473,181
Young,Female,Rent,Married,Close,61700,0,NA,12,1161,182
Old,Female,Rent,Married,Close,46900,0,Medium,6,703,183
Middle,Female,Own,Married,Close,123600,1,NA,12,1892,184
Young,Male,Rent,Married,Close,45800,0,Medium,6,489,185
Middle,Male,Own,Married,Far,77800,1,High,18,1813,186
Middle,Female,Own,Single,Close,48700,1,NA,12,1457,187
Middle,Female,Rent,Single,Far,39000,3,Low,6,292,188
Young,Female,Rent,Married,Close,40000,0,NA,6,613,189
Middle,Female,Rent,Married,Close,118300,1,NA,18,2681,190
Young,Female,Own,Single,Close,27100,2,Low,24,437,191
Middle,Female,Rent,Married,Close,91000,2,Medium,6,708,192
Middle,Female,Own,Married,Close,35300,0,Medium,24,1093,193
Young,Female,Rent,Single,Far,10200,2,Low,18,213,194
Young,Female,Rent,Single,Close,12500,1,Low,6,202,195
Old,Female,Own,Single,Close,64600,0,NA,6,1298,196
Middle,Male,Own,Married,Far,113800,0,NA,12,3273,197
Middle,Male,Own,Married,Far,113400,3,High,18,1790,198
Young,Female,Rent,Single,Close,16900,1,Low,6,247,199
Young,Female,Rent,Single,Close,13600,1,Low,6,183,200
Middle,Male,Own,Married,Far,100100,1,High,24,3491,201
Old,Female,Own,Married,Far,80000,0,High,6,1985,202
Middle,Male,Own,Married,Close,83900,0,High,24,1721,203
Middle,Male,Own,Married,Close,77000,0,High,12,2104,204
Middle,Female,Rent,Married,Close,72900,3,Low,6,252,205
Young,Male,Rent,Married,Close,80700,3,Low,6,202,206
Young,Female,Rent,Married,Close,40900,1,Medium,18,962,207
Young,Female,Rent,Single,Close,26700,1,NA,12,459,208
Middle,Male,Own,Married,Close,54700,0,Medium,18,848,209
Old,Female,Rent,Married,Close,23600,1,Low,6,161,210
Middle,Male,Rent,Single,Far,56900,0,High,24,1857,211
Middle,Male,Own,Single,Far,68700,1,NA,24,1699,212
Young,Female,Rent,Single,Close,19300,1,Low,24,308,213
Young,Male,Rent,Married,Far,20200,1,Low,24,500,214
Middle,Female,Rent,Married,Far,61500,3,Medium,24,1162,215
Middle,Female,Own,Married,Far,101700,1,NA,24,2551,216
Middle,Female,Rent,Married,Far,120800,1,High,24,5830,217
Young,Female,Rent,Single,Far,17300,1,Low,18,381,218
Young,Female,Rent,Married,Close,42300,0,NA,6,856,219
Middle,Male,Rent,Single,Close,53300,0,Medium,18,1720,220
Middle,Female,Rent,Single,Close,42800,0,Medium,12,759,221
Middle,Male,Own,Married,Close,98400,0,High,18,3305,222
Middle,Female,Own,Single,Close,51200,0,Medium,18,1257,223
Old,Male,Own,Single,Close,62200,0,NA,12,1583,224
Middle,Male,Own,Married,Close,109200,3,Low,24,1102,225
Young,Female,Rent,Single,Close,11400,2,NA,6,186,226
Young,Female,Rent,Single,Close,14000,0,Low,12,229,227
Old,Female,Rent,Married,Close,97000,0,NA,24,2599,228
Young,Female,Own,Single,Far,29600,3,NA,12,774,229
Old,Male,Own,Married,Close,71200,1,Medium,12,638,230
Old,Female,Rent,Single,Far,15000,0,Low,12,378,231
Middle,Male,Rent,Married,Far,64000,1,NA,6,1552,232
Old,Male,Own,Married,Far,33000,0,Medium,12,979,233
Old,Female,Own,Married,Close,74400,0,High,18,2479,234
Young,Male,Rent,Single,Far,20300,2,Low,24,450,235
Middle,Male,Rent,Married,Close,68700,0,High,24,2763,236
Young,Male,Rent,Married,Far,53600,3,Medium,24,1560,237
Old,Female,Own,Single,Close,33200,0,Medium,24,1037,238
Young,Female,Own,Married,Far,70900,0,NA,6,690,239
Young,Female,Rent,Single,Close,23200,3,NA,24,770,240
Young,Male,Own,Single,Close,41400,0,Medium,18,643,241
Young,Female,Rent,Married,Close,63200,0,High,24,1512,242
Old,Male,Own,Married,Close,107400,0,High,12,1485,243
Young,Male,Rent,Single,Far,13900,0,NA,24,570,244
Middle,Female,Rent,Married,Close,79900,1,Medium,18,1165,245
Middle,Male,Own,Married,Far,120000,3,High,18,1926,246
Old,Male,Rent,Married,Far,66300,0,NA,18,2243,247
Middle,Female,Own,Single,Close,54400,3,Low,18,342,248
Middle,Male,Own,Married,Close,84200,0,High,24,1654,249
Young,Female,Rent,Married,Close,13800,0,Low,18,363,250
Young,Female,Rent,Single,Far,14500,1,Low,6,222,251
Young,Male,Rent,Single,Close,21300,0,Low,24,677,252
Old,Male,Rent,Single,Close,29000,0,Low,6,482,253
Old,Female,Rent,Single,Close,14600,1,Low,24,385,254
Old,Male,Own,Single,Close,65300,0,High,18,1443,255
Middle,Female,Own,Married,Close,100800,1,High,24,1789,256
Young,Female,Rent,Single,Far,19800,1,Low,24,991,257
Middle,Male,Own,Single,Close,56700,2,Low,18,536,258
Old,Male,Rent,Married,Close,90200,0,High,18,2183,259
Young,Male,Rent,Single,Close,26100,1,NA,6,494,260
Young,Female,Rent,Single,Close,15900,0,Low,18,503,261
Young,Female,Rent,Single,Close,12700,3,Low,12,87,262
Middle,Male,Rent,Single,Close,43200,0,NA,24,917,263
Middle,Female,Rent,Married,Close,114100,1,NA,24,1976,264
Middle,Male,Own,Married,Close,96100,3,Low,12,316,265
Middle,Male,Own,Married,Close,97200,0,NA,12,1634,266
Middle,Male,Own,Married,Far,82400,2,High,24,2035,267
Old,Male,Own,Single,Far,62000,0,High,24,3293,268
Young,Female,Rent,Single,Close,13400,1,Low,12,143,269
Middle,Male,Own,Married,Close,108200,3,Low,12,635,270
Young,Female,Own,Married,Close,76200,0,High,12,979,271
Middle,Male,Rent,Married,Close,81800,1,High,18,1838,272
Young,Female,Rent,Single,Far,12000,0,Low,6,264,273
Middle,Male,Own,Married,Close,76100,0,NA,6,719,274
Middle,Male,Own,Married,Close,82100,1,High,18,1308,275
Old,Female,Own,Married,Close,103300,0,High,24,3378,276
Young,Male,Rent,Single,Close,14200,1,NA,24,400,277
Middle,Female,Own,Single,Far,47500,0,High,6,847,278
Young,Female,Rent,Single,Close,31300,1,Low,6,357,279
Young,Female,Rent,Married,Far,32700,1,NA,18,1276,280
Middle,Male,Own,Married,Close,72200,0,High,24,2492,281
Middle,Female,Own,Married,Close,107600,2,Medium,12,1512,282
Middle,Male,Own,Married,Close,109900,2,Medium,12,870,283
Middle,Female,Own,Married,Close,65400,2,Medium,24,938,284
Old,Female,Own,Single,Close,43300,0,NA,12,1584,285
Old,Female,Own,Single,Close,51900,0,Medium,12,1148,286
Middle,Female,Own,Married,Far,80600,0,High,24,2840,287
Middle,Female,Rent,Single,Close,42700,0,Medium,12,827,288
Young,Male,Rent,Single,Far,19000,0,NA,12,428,289
Young,Female,Rent,Single,Close,14500,1,Low,6,183,290
Middle,Female,Own,Married,Close,68200,1,NA,6,818,291
Young,Male,Rent,Married,Close,36700,0,Medium,12,731,292
Old,Male,Own,Married,Far,54600,0,High,24,2163,293
Middle,Male,Own,Married,Close,65900,1,Medium,12,1081,294
Young,Male,Own,Single,Far,39600,0,NA,12,1085,295
Young,Male,Rent,Married,Far,67300,3,NA,6,1212,296
Middle,Male,Own,Single,Close,59700,1,NA,18,1422,297
Middle,Female,Own,Married,Far,102800,2,High,18,2238,298
Middle,Female,Rent,Single,Close,34700,0,NA,18,1615,299
Middle,Male,Own,Single,Close,50600,3,NA,6,713,300
Middle,Male,Rent,Married,Close,106700,2,Medium,6,607,301
Middle,Male,Rent,Single,Close,53900,1,Medium,6,735,302
Young,Female,Rent,Married,Close,25500,2,Low,6,139,303
Young,Male,Rent,Married,Far,46300,1,Medium,18,1357,304
Old,Male,Own,Married,Close,55500,0,Medium,18,858,305
Young,Female,Own,Single,Close,27800,3,NA,12,408,306
Middle,Male,Own,Married,Close,118600,1,NA,12,1553,307
Middle,Female,Own,Married,Close,130700,3,NA,6,2070,308
Old,Male,Rent,Single,Close,42800,0,Medium,12,922,309
Middle,Female,Own,Married,Far,118300,1,High,12,2502,310
Young,Female,Rent,Single,Far,25600,2,NA,18,426,311
Middle,Male,Rent,Married,Close,63500,2,NA,24,2321,312
Old,Female,Own,Single,Close,30900,0,Medium,18,862,313
Middle,Male,Own,Single,Close,55900,1,NA,24,2555,314
Middle,Male,Own,Single,Far,53900,0,NA,12,1186,315
Old,Male,Own,Married,Close,84300,0,High,24,2842,316
Old,Male,Own,Single,Close,53400,1,Medium,12,886,317
Middle,Male,Own,Married,Close,96900,1,High,12,1420,318
Middle,Male,Rent,Single,Far,55800,1,NA,6,821,319
Young,Female,Rent,Married,Close,25900,1,Low,6,242,320
Young,Female,Rent,Single,Close,22000,1,Low,12,472,321
Middle,Female,Rent,Married,Close,96700,2,Medium,12,1231,322
Middle,Female,Rent,Single,Close,40200,1,NA,12,881,323
Old,Male,Own,Married,Close,26800,0,Low,12,435,324
Young,Female,Rent,Single,Close,16700,2,Low,12,108,325
Young,Female,Rent,Married,Close,40900,2,Low,18,576,326
Young,Male,Rent,Married,Far,41500,3,NA,24,1314,327
Young,Male,Rent,Single,Close,20900,0,NA,6,296,328
Young,Female,Rent,Married,Close,69700,2,Medium,6,584,329
Middle,Male,Rent,Single,Close,61800,0,High,24,1156,330
Middle,Male,Own,Married,Close,102500,1,High,24,2464,331
Middle,Female,Own,Married,Close,48900,3,NA,18,915,332
Middle,Male,Own,Single,Close,60300,0,NA,24,2091,333
Young,Male,Rent,Married,Far,41600,0,High,24,1690,334
Middle,Male,Own,Single,Close,73700,1,Medium,12,1274,335
Young,Female,Rent,Single,Close,27000,1,NA,24,1012,336
Middle,Female,Rent,Single,Close,43700,0,Medium,12,950,337
Young,Male,Rent,Single,Close,10200,2,NA,12,333,338
Middle,Female,Own,Married,Close,63300,2,Medium,24,679,339
Young,Female,Own,Single,Far,33200,2,Medium,12,607,340
Old,Female,Own,Married,Far,78800,0,High,18,3398,341
Middle,Male,Own,Married,Close,82500,0,High,6,859,342
Middle,Male,Own,Single,Far,80800,2,High,18,2444,343
Middle,Male,Own,Married,Close,88100,2,Medium,24,1078,344
Middle,Male,Rent,Married,Far,124800,3,High,18,2537,345
Young,Male,Own,Single,Close,31900,0,Medium,6,616,346
Middle,Female,Own,Single,Close,53300,3,NA,6,508,347
Old,Male,Own,Married,Far,15400,0,Low,6,297,348
Middle,Male,Own,Married,Close,70200,0,NA,6,1583,349
Young,Female,Rent,Single,Close,23000,3,Low,6,79,350
Middle,Female,Own,Married,Close,82400,2,Medium,18,657,351
Middle,Female,Own,Married,Close,97900,0,High,24,2149,352
Old,Female,Rent,Married,Far,88400,0,High,18,3632,353
Middle,Female,Own,Married,Close,86900,0,High,18,2230,354
Middle,Female,Own,Single,Close,45100,1,Medium,12,448,355
Middle,Male,Rent,Single,Close,41800,3,Low,24,301,356
Old,Male,Own,Married,Close,74800,0,High,18,1968,357
Middle,Female,Rent,Married,Close,73000,1,Medium,6,490,358
Middle,Male,Own,Married,Close,118500,1,High,24,3063,359
Middle,Male,Own,Single,Close,65300,3,Low,6,193,360
Middle,Female,Rent,Married,Close,66300,2,Medium,12,544,361
Middle,Male,Own,Married,Far,103900,1,High,24,2666,362
Middle,Female,Own,Married,Close,71900,0,High,18,1846,363
Middle,Male,Own,Married,Far,86100,1,NA,12,1255,364
Middle,Male,Own,Married,Close,96300,1,High,12,1081,365
Young,Female,Rent,Single,Close,10200,3,NA,6,199,366
Middle,Male,Own,Married,Close,96300,2,NA,18,3916,367
Old,Female,Own,Single,Far,24000,1,Low,6,357,368
Middle,Female,Rent,Married,Close,46700,0,Medium,24,983,369
Middle,Female,Rent,Single,Close,53700,2,NA,12,1194,370
Middle,Male,Rent,Married,Close,108300,2,NA,12,2224,371
Young,Female,Rent,Single,Close,12100,1,Low,6,90,372
Young,Male,Rent,Married,Close,36600,0,NA,6,587,373
Old,Male,Own,Married,Close,66300,0,High,12,1088,374
Young,Female,Own,Single,Close,33400,1,NA,6,617,375
Middle,Male,Own,Married,Far,70000,1,NA,6,1227,376
Middle,Female,Own,Single,Close,47900,1,Medium,24,662,377
Middle,Female,Rent,Married,Close,40500,2,Low,18,622,378
Old,Male,Own,Single,Close,69100,0,High,12,1477,379
Young,Female,Rent,Single,Close,13300,1,NA,6,236,380
Middle,Female,Rent,Married,Far,75800,1,High,12,1830,381
Middle,Female,Rent,Married,Close,48600,0,Medium,24,1583,382
Old,Female,Own,Single,Close,39600,0,Medium,12,610,383
Young,Female,Rent,Single,Close,11700,0,Low,12,193,384
Young,Male,Rent,Married,Close,52600,1,Medium,12,1052,385
Young,Male,Rent,Single,Close,14600,3,NA,6,307,386
Old,Male,Own,Married,Close,123000,0,High,24,3671,387
Old,Female,Rent,Married,Far,64600,0,High,18,2206,388
Middle,Female,Own,Single,Far,34600,2,Medium,18,748,389
Middle,Male,Own,Married,Close,74500,0,High,6,1481,390
Old,Male,Own,Married,Close,56600,0,NA,24,1607,391
Old,Female,Rent,Single,Close,37000,1,NA,6,632,392
Young,Female,Rent,Single,Far,18400,1,Low,6,303,393
Young,Male,Rent,Single,Close,25000,0,Low,6,264,394
Middle,Male,Own,Married,Far,61400,1,High,24,1575,395
Middle,Male,Own,Married,Close,76400,2,Medium,18,881,396
Young,Male,Own,Married,Close,55100,0,Medium,18,1439,397
Old,Female,Own,Married,Far,22800,0,NA,12,452,398
Old,Female,Own,Married,Close,10100,1,Low,6,93,399
Young,Male,Rent,Single,Close,17800,0,Low,18,292,400
Middle,Female,Own,Married,Close,59100,1,NA,6,1426,401
Young,Female,Rent,Single,Far,19700,2,Low,6,330,402
Middle,Male,Own,Married,Far,73800,0,High,24,3120,403
Middle,Male,Own,Married,Far,113300,1,High,18,5151,404
Middle,Male,Own,Married,Far,118400,2,NA,12,3941,405
Middle,Male,Own,Married,Close,92300,1,NA,24,2141,406
Young,Male,Rent,Single,Close,11200,0,NA,6,106,407
Young,Female,Rent,Married,Far,30100,0,Medium,12,530,408
Middle,Female,Own,Single,Close,43500,1,Medium,12,500,409
Middle,Male,Own,Married,Close,97500,0,High,18,2837,410
Old,Male,Own,Married,Close,54600,0,Medium,24,1246,411
Middle,Male,Rent,Single,Far,42500,1,NA,6,798,412
Middle,Male,Own,Single,Close,82800,0,NA,6,1544,413
Old,Male,Own,Married,Far,62300,0,High,24,2644,414
Young,Male,Rent,Single,Far,21900,2,NA,6,192,415
Middle,Female,Rent,Single,Far,35600,3,Low,18,865,416
Middle,Male,Own,Married,Close,96900,0,High,6,1159,417
Young,Female,Rent,Married,Close,36900,1,NA,18,1480,418
Middle,Female,Rent,Married,Close,93500,1,High,18,1426,419
Middle,Male,Own,Married,Close,97300,1,NA,12,3048,420
Young,Male,Rent,Single,Close,21900,0,Low,12,276,421
Middle,Male,Rent,Single,Close,63000,0,High,24,1910,422
Young,Female,Rent,Single,Close,11500,3,NA,6,157,423
Middle,Male,Own,Single,Close,44600,2,Low,6,236,424
Young,Female,Rent,Single,Close,21900,1,NA,12,576,425
Middle,Male,Rent,Single,Far,45100,1,Medium,12,794,426
Old,Female,Own,Married,Close,74900,0,High,12,1474,427
Young,Male,Rent,Single,Close,14200,0,Low,6,250,428
Young,Female,Rent,Single,Far,23200,2,NA,24,788,429
Old,Male,Own,Married,Close,73300,0,NA,12,1694,430
Old,Male,Own,Married,Far,41300,0,High,24,1985,431
Old,Female,Own,Single,Far,32700,0,Medium,24,1252,432
Old,Female,Own,Single,Close,35200,0,NA,12,827,433
Young,Female,Rent,Single,Close,13100,0,NA,18,314,434
Middle,Male,Own,Married,Close,97400,1,High,6,880,435
Young,Female,Rent,Single,Far,23100,2,Low,6,466,436
Middle,Male,Own,Single,Close,49200,3,Low,12,210,437
Middle,Male,Own,Single,Far,45000,1,NA,18,902,438
Middle,Male,Own,Married,Close,87200,0,High,18,1274,439
Middle,Male,Own,Single,Close,49900,1,NA,24,1631,440
Middle,Male,Own,Married,Close,66900,0,High,12,1220,441
Middle,Female,Own,Single,Close,47600,1,Medium,12,801,442
Middle,Female,Own,Single,Close,47900,0,NA,12,1090,443
Middle,Male,Own,Single,Close,59400,0,Medium,18,1699,444
Middle,Female,Rent,Single,Close,32700,2,Low,6,273,445
Middle,Male,Rent,Single,Close,34200,1,Low,18,523,446
Middle,Male,Own,Married,Close,96600,0,NA,12,1437,447
Middle,Female,Own,Married,Close,126300,1,High,6,1888,448
Young,Male,Rent,Single,Close,31600,1,NA,12,476,449
Middle,Female,Own,Married,Far,108100,3,High,18,2632,450
Middle,Female,Rent,Single,Close,43300,3,Low,24,326,451
Old,Female,Rent,Single,Far,17900,0,Low,6,446,452
Middle,Male,Own,Single,Far,50100,1,High,18,1071,453
Old,Female,Own,Married,Close,74700,0,High,12,1699,454
Old,Male,Rent,Married,Close,60000,0,Medium,6,966,455
Young,Male,Own,Single,Close,33400,0,NA,12,567,456
Middle,Female,Rent,Married,Close,68800,0,NA,6,1658,457
Middle,Female,Rent,Single,Close,25700,2,Low,6,173,458
Middle,Male,Own,Married,Close,83700,0,High,24,3344,459
Middle,Male,Rent,Single,Close,50500,0,Medium,12,1029,460
Young,Female,Rent,Single,Close,17300,0,Low,12,345,461
Middle,Male,Own,Single,Close,45800,0,NA,6,712,462
Old,Male,Own,Married,Close,108900,0,High,12,1841,463
Middle,Female,Rent,Married,Close,60500,2,Low,6,409,464
Old,Female,Own,Married,Far,84100,0,High,18,2710,465
Young,Male,Rent,Married,Far,25100,0,Medium,12,592,466
Middle,Male,Own,Married,Close,69900,1,NA,18,2101,467
Middle,Male,Own,Married,Close,97100,0,NA,12,1473,468
Middle,Female,Own,Married,Close,72200,2,Medium,18,715,469
Old,Female,Own,Married,Far,78900,0,High,18,2233,470
Middle,Female,Own,Single,Far,62500,3,NA,6,921,471
Young,Female,Rent,Single,Close,17800,1,Low,6,216,472
Middle,Female,Own,Married,Close,105500,1,High,6,1781,473
Middle,Female,Own,Single,Close,46100,2,Low,12,418,474
Young,Male,Rent,Single,Close,27100,1,Low,12,268,475
Young,Male,Rent,Married,Far,60300,1,NA,6,1252,476
Young,Female,Rent,Single,Close,12000,0,Low,6,140,477
Middle,Female,Own,Single,Close,48400,0,Medium,12,992,478
Middle,Male,Rent,Single,Close,45600,0,Medium,18,1388,479
Middle,Female,Own,Single,Close,35200,2,Low,6,233,480
Middle,Male,Rent,Single,Far,60200,0,High,24,2304,481
Middle,Female,Rent,Married,Far,53900,1,High,18,2177,482
Middle,Male,Own,Married,Close,70400,2,NA,12,1127,483
Young,Male,Rent,Married,Close,36900,0,Medium,18,721,484
Old,Female,Own,Single,Close,36100,0,Medium,12,438,485
Young,Female,Rent,Single,Close,11000,2,NA,18,393,486
Middle,Male,Own,Single,Close,61600,0,NA,18,1666,487
Middle,Male,Own,Married,Close,88700,1,NA,18,2448,488
Middle,Female,Own,Married,Far,88600,1,High,18,2563,489
Middle,Male,Rent,Married,Close,79500,0,High,18,1763,490
Young,Female,Rent,Single,Close,18900,1,Low,6,184,491
Old,Female,Own,Single,Close,17300,0,Low,6,166,492
Middle,Female,Rent,Married,Close,81400,2,NA,6,1014,493
Young,Male,Rent,Married,Close,36500,0,Medium,24,1140,494
Middle,Female,Own,Single,Close,43300,1,NA,18,1021,495
Middle,Male,Own,Married,Close,76700,1,Medium,24,1431,496
Middle,Male,Own,Married,Far,123000,1,High,24,5878,497
Middle,Male,Own,Single,Close,56300,3,Low,6,321,498
Middle,Male,Own,Married,Close,70000,0,High,24,1974,499
Middle,Male,Own,Single,Close,48100,0,Medium,18,1640,500
Young,Female,Rent,Married,Close,79400,0,NA,6,1175,501
Middle,Female,Own,Married,Close,63700,3,Low,12,364,502
Young,Male,Rent,Single,Close,21200,0,NA,12,417,503
Middle,Male,Rent,Single,Close,53900,0,Medium,12,1060,504
Old,Female,Own,Married,Close,118800,0,High,18,2176,505
Middle,Female,Own,Married,Close,79400,3,Low,6,200,506
Old,Female,Rent,Single,Far,20400,0,NA,24,513,507
Middle,Male,Rent,Single,Close,52400,0,NA,18,857,508
Old,Female,Own,Single,Close,17600,0,Low,6,224,509
Young,Male,Rent,Single,Close,23500,0,Low,12,371,510
Young,Male,Rent,Married,Close,56900,2,Low,12,687,511
Middle,Male,Own,Married,Close,95100,2,Medium,12,809,512
Middle,Male,Own,Married,Close,119800,2,Medium,24,2090,513
Old,Male,Own,Single,Close,58700,0,NA,24,1479,514
Middle,Female,Own,Married,Close,76700,2,Medium,6,534,515
Middle,Male,Own,Married,Close,67600,1,Medium,18,1172,516
Middle,Male,Own,Single,Close,61500,2,Medium,24,968,517
Old,Female,Own,Married,Close,72900,0,High,6,753,518
Old,Female,Rent,Single,Close,21200,0,Low,6,242,519
Old,Male,Rent,Single,Close,32400,1,Low,12,515,520
Middle,Female,Own,Married,Close,62200,3,NA,24,2119,521
Old,Female,Own,Single,Close,24400,0,Low,6,491,522
Middle,Male,Own,Married,Close,66500,3,Low,12,286,523
Old,Female,Rent,Married,Far,72200,0,High,24,3069,524
Young,Female,Rent,Single,Close,16900,2,NA,6,281,525
Young,Male,Rent,Married,Close,56300,0,NA,24,1608,526
Old,Female,Own,Single,Far,22000,0,Medium,12,736,527
Young,Female,Rent,Single,Close,18800,2,Low,18,170,528
Young,Female,Rent,Single,Close,26600,2,Low,24,245,529
Middle,Female,Rent,Married,Close,72100,0,High,24,3052,530
Middle,Male,Own,Single,Far,55600,0,High,18,1786,531
Young,Female,Rent,Single,Close,14600,3,Low,6,47,532
Old,Male,Own,Married,Close,45900,0,Medium,24,1645,533
Young,Female,Own,Single,Close,15100,0,Low,6,274,534
Middle,Male,Own,Married,Close,140700,3,Medium,12,1001,535
Middle,Male,Own,Married,Close,90300,0,High,24,1944,536
Old,Male,Own,Married,Close,95900,0,High,24,2585,537
Young,Male,Rent,Single,Far,20800,0,NA,6,260,538
Middle,Male,Own,Married,Close,98400,0,High,12,1414,539
Young,Female,Rent,Single,Close,15000,2,NA,12,341,540
Young,Male,Rent,Single,Close,17700,1,Low,12,268,541
Middle,Male,Own,Married,Close,102400,1,High,18,1237,542
Young,Male,Rent,Single,Far,17800,1,NA,18,589,543
Young,Male,Rent,Single,Far,13800,1,Low,12,368,544
Middle,Female,Rent,Single,Close,50500,1,Medium,12,940,545
Middle,Female,Rent,Single,Close,42000,3,Low,18,232,546
Middle,Male,Own,Married,Close,95800,3,Low,12,678,547
Young,Male,Rent,Single,Close,15200,0,NA,12,324,548
Young,Male,Rent,Single,Close,15800,2,Low,12,147,549
Old,Male,Own,Single,Close,51400,0,NA,6,694,550
Old,Female,Rent,Married,Close,38200,0,Medium,6,526,551
Middle,Female,Rent,Single,Close,39900,1,Low,12,586,552
Young,Female,Own,Single,Close,21600,2,NA,12,491,553
Old,Female,Own,Married,Close,65900,0,High,24,1436,554
Middle,Female,Own,Married,Close,97500,1,High,12,1280,555
Middle,Male,Rent,Married,Far,63000,0,High,18,2107,556
Young,Female,Own,Single,Far,31900,0,NA,12,860,557
Middle,Female,Rent,Single,Far,45500,1,NA,18,1624,558
Old,Female,Own,Single,Close,12800,0,NA,12,230,559
Old,Female,Own,Married,Far,12600,2,Low,12,164,560
Middle,Male,Rent,Single,Close,50700,3,Low,6,157,561
Young,Female,Rent,Single,Close,17900,3,Low,6,62,562
Young,Female,Rent,Single,Close,14400,1,Low,18,223,563
Old,Female,Own,Single,Close,23800,0,Low,6,438,564
Middle,Male,Own,Married,Close,84700,3,NA,24,2705,565
Middle,Female,Rent,Single,Close,36900,1,Low,6,371,566
Old,Female,Own,Single,Close,20600,0,Low,6,201,567
Young,Male,Rent,Married,Close,41500,0,NA,24,1213,568
Middle,Male,Own,Married,Close,83100,2,Medium,6,586,569
Middle,Male,Own,Married,Far,88700,2,High,24,2693,570
Old,Female,Own,Married,Close,54700,0,Medium,24,1404,571
Middle,Male,Own,Single,Close,68900,2,NA,18,2784,572
Young,Female,Rent,Single,Close,22200,2,Low,18,275,573
Middle,Female,Own,Married,Close,70900,1,Medium,12,794,574
Middle,Male,Own,Single,Close,55900,0,Medium,12,964,575
Middle,Female,Own,Married,Close,80800,1,NA,18,1598,576
Middle,Male,Own,Married,Far,100600,3,High,24,2838,577
Old,Female,Own,Single,Close,39900,0,NA,6,619,578
Young,Female,Rent,Married,Close,71200,3,Low,12,392,579
Old,Female,Own,Married,Close,61000,0,NA,18,1850,580
Old,Male,Own,Single,Close,38700,0,NA,24,1506,581
Middle,Male,Own,Married,Far,98900,0,NA,18,3126,582
Middle,Male,Own,Single,Close,64300,0,NA,6,1325,583
Middle,Female,Own,Married,Close,75600,0,NA,12,1541,584
Young,Female,Rent,Married,Far,53700,0,High,24,2491,585
Middle,Male,Own,Single,Close,66600,0,High,18,1177,586
Old,Female,Own,Married,Close,89000,0,High,12,1487,587
Young,Female,Rent,Single,Far,18200,2,Low,12,322,588
Young,Female,Rent,Married,Close,73600,1,Medium,6,647,589
Middle,Female,Rent,Single,Far,45600,0,High,12,1322,590
Young,Male,Own,Married,Close,73000,0,NA,6,1534,591
Young,Male,Own,Single,Close,29600,3,NA,12,583,592
Middle,Male,Rent,Married,Close,92900,1,NA,6,1705,593
Old,Female,Rent,Single,Far,13900,0,Low,6,191,594
Young,Male,Rent,Married,Close,64300,3,Low,6,239,595
Middle,Male,Own,Married,Close,77100,2,Medium,6,568,596
Young,Female,Own,Single,Close,27500,3,NA,12,571,597
Old,Male,Rent,Married,Close,81800,0,High,6,919,598
Old,Female,Rent,Married,Close,41700,0,Medium,18,1398,599
Old,Female,Own,Married,Close,51000,0,Medium,12,1025,600
Middle,Male,Rent,Single,Close,55900,1,Medium,12,909,601
Young,Male,Rent,Single,Close,19800,2,Low,12,209,602
Young,Male,Rent,Single,Close,17600,0,NA,6,245,603
Middle,Male,Rent,Married,Far,84100,1,High,24,2362,604
Middle,Male,Own,Married,Close,85600,0,High,24,3380,605
Young,Male,Rent,Single,Close,13400,0,Low,18,424,606
Young,Female,Rent,Married,Far,47200,1,Medium,12,1272,607
Middle,Male,Own,Married,Close,96300,1,High,24,1909,608
Middle,Male,Own,Married,Close,60500,3,Low,12,340,609
Middle,Female,Own,Single,Close,35800,1,NA,24,1355,610
Middle,Male,Rent,Married,Close,106100,3,Low,12,472,611
Young,Male,Rent,Single,Close,18000,0,Low,12,303,612
Middle,Male,Rent,Single,Far,50000,1,NA,6,1079,613
Old,Female,Own,Single,Close,58200,0,Medium,18,981,614
Young,Female,Rent,Single,Far,13500,2,Low,12,160,615
Middle,Female,Own,Married,Close,59900,1,NA,6,613,616
Young,Female,Rent,Single,Far,18400,1,Low,12,662,617
Middle,Male,Rent,Married,Close,62800,3,Low,6,177,618
Middle,Male,Rent,Single,Close,70000,0,High,6,785,619
Young,Female,Rent,Single,Far,13600,1,NA,18,349,620
Middle,Female,Rent,Married,Close,97400,3,Low,6,213,621
Old,Female,Own,Married,Far,37500,0,Medium,18,1578,622
Old,Female,Own,Single,Close,22800,0,Low,6,258,623
Young,Female,Rent,Single,Close,14200,0,NA,6,192,624
Young,Male,Rent,Single,Close,18700,0,Low,12,289,625
Middle,Male,Own,Married,Close,107400,1,High,24,1821,626
Young,Female,Rent,Single,Far,28900,0,Medium,24,905,627
Middle,Male,Rent,Married,Close,38400,2,Low,6,188,628
Middle,Male,Rent,Single,Close,54200,0,NA,18,1405,629
Old,Male,Own,Married,Close,102700,0,NA,18,2381,630
Young,Female,Rent,Single,Close,13300,1,Low,6,184,631
Middle,Male,Own,Single,Close,60200,3,NA,12,1364,632
Young,Male,Rent,Single,Close,21400,0,NA,12,414,633
Young,Female,Rent,Single,Close,21700,2,NA,6,387,634
Young,Male,Rent,Single,Close,23200,1,Low,24,504,635
Middle,Male,Own,Married,Close,64800,2,Medium,12,574,636
Middle,Male,Rent,Single,Close,55600,0,Medium,6,984,637
Middle,Male,Own,Married,Far,89500,0,High,24,5209,638
Young,Female,Rent,Single,Far,12500,1,NA,12,422,639
Middle,Male,Own,Married,Close,87000,0,High,24,1594,640
Middle,Female,Rent,Single,Far,31200,3,NA,24,1087,641
Young,Female,Rent,Single,Close,13700,1,NA,6,163,642
Middle,Male,Own,Single,Close,55500,3,Low,18,427,643
Middle,Female,Rent,Single,Close,58600,1,Medium,6,624,644
Young,Female,Own,Married,Far,55900,1,NA,6,788,645
Young,Female,Rent,Single,Far,13700,2,NA,24,414,646
Old,Female,Own,Married,Far,81400,0,High,24,3001,647
Old,Female,Own,Married,Close,90500,0,High,6,863,648
Middle,Female,Own,Married,Close,82200,1,NA,12,1517,649
Middle,Male,Own,Married,Far,65400,3,NA,6,836,650
Middle,Male,Own,Single,Close,74400,0,High,12,1152,651
Young,Male,Rent,Married,Far,63300,3,NA,6,1408,652
Young,Male,Rent,Married,Far,51600,0,NA,12,1082,653
Young,Male,Rent,Married,Far,55000,0,NA,12,1162,654
Middle,Female,Own,Single,Close,43900,2,Low,6,358,655
Young,Female,Own,Single,Close,20300,1,Low,12,304,656
Young,Female,Own,Single,Far,16300,0,NA,12,360,657
Middle,Male,Own,Married,Close,97600,2,Medium,12,1162,658
Old,Female,Rent,Single,Far,15100,0,Low,6,348,659
Young,Female,Rent,Single,Close,12500,3,NA,12,206,660
Young,Female,Rent,Single,Close,10600,2,Low,12,114,661
Middle,Female,Own,Single,Close,41300,1,NA,18,932,662
Young,Female,Own,Single,Close,27200,2,Low,18,446,663
Middle,Male,Own,Married,Close,102400,1,NA,12,2466,664
Young,Female,Own,Single,Far,27900,1,NA,12,576,665
Old,Male,Rent,Married,Far,23800,0,NA,12,428,666
Middle,Male,Own,Married,Close,100000,1,High,24,2247,667
Middle,Female,Rent,Married,Far,43300,3,Medium,24,716,668
Middle,Male,Own,Married,Close,65800,1,NA,12,1017,669
Middle,Female,Own,Married,Close,49700,2,Low,18,613,670
Middle,Female,Rent,Married,Close,82300,2,Medium,12,580,671
Middle,Male,Rent,Single,Close,41200,0,Medium,12,841,672
Young,Male,Rent,Single,Close,29200,0,Low,18,737,673
Middle,Female,Own,Single,Close,51900,2,NA,12,1162,674
Middle,Female,Own,Married,Close,85500,2,Medium,18,895,675
Young,Female,Rent,Single,Far,12400,3,Low,18,205,676
Middle,Female,Own,Married,Close,111900,1,NA,12,2340,677
Middle,Female,Rent,Single,Close,40400,1,Low,24,630,678
Young,Male,Rent,Single,Far,10900,0,Low,24,407,679
Middle,Male,Own,Married,Close,82400,3,NA,18,2122,680
Young,Female,Rent,Single,Close,13200,1,Low,12,227,681
Middle,Male,Rent,Single,Close,57800,0,Medium,24,1149,682
Old,Female,Own,Married,Close,52200,1,Medium,12,669,683
Middle,Male,Rent,Married,Far,64600,2,NA,24,2935,684
Middle,Female,Own,Single,Close,43100,0,NA,24,1444,685
Old,Female,Own,Married,Far,40100,0,Medium,12,1384,686
Old,Male,Own,Married,Close,84500,0,NA,12,1557,687
Old,Male,Rent,Married,Close,34500,0,Medium,12,802,688
Young,Female,Rent,Married,Close,61000,1,NA,18,1611,689
Old,Female,Own,Married,Far,79300,0,NA,12,2047,690
Middle,Male,Rent,Single,Close,44500,0,Medium,24,1175,691
Young,Male,Rent,Married,Close,39700,0,Medium,18,1011,692
Old,Female,Own,Single,Close,30300,0,Low,18,1062,693
Young,Female,Rent,Single,Close,20100,1,Low,12,271,694
Old,Male,Own,Married,Far,86500,0,High,24,2690,695
Old,Female,Rent,Single,Close,42500,0,Medium,24,918,696
Middle,Male,Own,Married,Close,102300,0,High,24,2438,697
Middle,Female,Own,Single,Far,52600,2,Medium,12,1307,698
Middle,Female,Rent,Single,Far,37800,2,NA,12,1185,699
Young,Female,Rent,Single,Close,20300,2,Low,12,180,700
Middle,Male,Own,Married,Close,71600,1,NA,12,1198,701
Young,Male,Rent,Married,Close,54500,1,Medium,18,1001,702
Middle,Male,Rent,Single,Close,54700,0,Medium,24,1355,703
Middle,Male,Rent,Single,Far,58600,2,NA,6,989,704
Middle,Male,Rent,Single,Far,53800,0,High,12,1803,705
Middle,Female,Own,Married,Close,131500,3,NA,6,2840,706
Middle,Male,Rent,Single,Far,52200,0,High,24,1909,707
Young,Male,Rent,Married,Close,37200,1,Low,6,247,708
Young,Male,Rent,Single,Far,22900,1,NA,12,814,709
Young,Male,Rent,Married,Close,55500,3,Low,12,216,710
Young,Female,Rent,Single,Far,12800,1,NA,24,365,711
Young,Female,Rent,Single,Close,17600,2,Low,18,163,712
Old,Female,Own,Single,Far,28300,0,Medium,24,933,713
Old,Male,Own,Single,Close,41900,0,Medium,6,654,714
Young,Female,Rent,Single,Close,14100,3,NA,6,153,715
Middle,Male,Rent,Single,Close,52100,0,NA,12,1668,716
Middle,Male,Rent,Single,Far,38700,1,Medium,18,1009,717
Middle,Female,Rent,Single,Far,44100,1,Medium,18,1659,718
Middle,Male,Own,Married,Far,79200,1,High,6,1905,719
Young,Female,Rent,Single,Close,22600,3,NA,6,521,720
Middle,Male,Rent,Single,Close,55100,2,NA,6,826,721
Old,Female,Own,Married,Far,70400,0,High,18,2610,722
Middle,Male,Own,Married,Close,107300,2,Medium,24,1194,723
Middle,Female,Rent,Married,Close,66500,1,NA,24,1181,724
Young,Male,Rent,Single,Close,10200,0,NA,24,362,725
Young,Female,Own,Single,Far,41000,1,Medium,12,768,726
Middle,Female,Rent,Single,Close,26200,1,Low,12,381,727
Middle,Male,Rent,Married,Far,72200,3,Medium,18,1811,728
Middle,Male,Rent,Single,Far,36700,1,Medium,24,1218,729
Old,Male,Own,Married,Far,74500,0,NA,18,1413,730
Middle,Female,Own,Single,Close,60200,1,NA,12,1748,731
Old,Male,Rent,Single,Close,34500,0,Medium,24,639,732
Old,Female,Own,Married,Close,83700,0,High,18,1582,733
Young,Male,Rent,Single,Far,14800,1,NA,12,376,734
Middle,Male,Own,Married,Close,106400,0,NA,12,1757,735
Young,Female,Rent,Married,Close,42000,3,Low,6,105,736
Middle,Male,Rent,Married,Close,118800,0,High,12,2631,737
Young,Female,Own,Single,Far,21900,2,Low,24,486,738
Middle,Male,Rent,Single,Close,39500,1,NA,6,412,739
Middle,Male,Rent,Single,Close,45900,0,Medium,12,716,740
Young,Female,Rent,Married,Close,37100,2,Low,24,653,741
Middle,Female,Rent,Single,Close,28200,1,Low,6,224,742
Middle,Male,Rent,Married,Close,74600,2,Medium,18,705,743
Middle,Male,Own,Married,Close,122700,1,NA,18,4984,744
Young,Female,Rent,Single,Close,14200,2,Low,18,197,745
Middle,Male,Own,Married,Far,75500,0,NA,18,2450,746
Middle,Male,Own,Single,Close,62900,0,NA,24,2561,747
Young,Male,Rent,Single,Far,19400,0,Low,6,563,748
Middle,Female,Rent,Single,Close,46600,0,NA,12,546,749
Middle,Male,Own,Married,Far,79700,1,High,24,3384,750
Middle,Male,Own,Single,Close,45900,2,Low,12,416,751
Old,Female,Own,Married,Close,42800,0,Medium,6,685,752
Old,Male,Own,Married,Far,65500,0,High,24,1931,753
Old,Female,Rent,Single,Close,33600,0,Medium,12,573,754
Middle,Female,Own,Single,Far,55600,1,High,18,1553,755
Young,Female,Rent,Single,Close,24000,2,NA,6,362,756
Young,Male,Rent,Single,Far,25700,0,Medium,18,907,757
Old,Female,Own,Married,Close,21500,0,Low,18,445,758
Old,Female,Rent,Married,Close,68600,0,High,18,1342,759
Young,Female,Rent,Single,Far,23100,2,Low,12,457,760
Middle,Female,Rent,Married,Close,53300,0,Medium,24,1598,761
Old,Female,Own,Married,Close,112800,0,High,12,1861,762
Old,Male,Own,Married,Close,124900,0,High,18,4109,763
Middle,Female,Own,Single,Close,72200,0,NA,18,3278,764
Middle,Male,Rent,Single,Close,35100,1,Low,6,421,765
Old,Female,Rent,Single,Close,14900,0,NA,12,275,766
Middle,Male,Rent,Single,Close,72000,0,High,12,1475,767
Middle,Male,Own,Married,Close,82400,0,High,18,1779,768
Young,Male,Rent,Married,Close,41600,3,NA,24,1634,769
Middle,Female,Own,Married,Close,68500,2,NA,12,1500,770
Young,Male,Own,Married,Close,62200,0,High,24,1348,771
Old,Female,Own,Single,Close,35900,0,NA,12,962,772
Young,Male,Rent,Single,Close,14100,0,Low,12,328,773
Young,Female,Rent,Married,Close,36500,1,NA,18,747,774
Middle,Female,Own,Married,Close,86400,1,High,12,1713,775
Old,Female,Rent,Married,Close,39500,0,Medium,12,1006,776
Old,Male,Own,Married,Close,85300,0,NA,12,2523,777
Old,Female,Own,Married,Close,110700,0,High,12,2458,778
Young,Male,Rent,Single,Far,17700,0,Low,18,742,779
Young,Female,Rent,Married,Far,33200,1,NA,24,1639,780
Middle,Female,Own,Single,Close,53800,0,Medium,12,843,781
Old,Male,Rent,Single,Close,44400,0,Medium,18,886,782
Middle,Female,Rent,Married,Close,135700,1,High,24,2746,783
Young,Female,Rent,Single,Far,20700,1,Low,12,550,784
Middle,Male,Rent,Married,Far,83500,2,High,24,2098,785
Middle,Female,Rent,Married,Close,84200,2,Medium,24,954,786
Middle,Female,Rent,Married,Close,79900,1,Medium,12,1041,787
Old,Female,Rent,Single,Far,19700,0,Low,6,535,788
Middle,Female,Rent,Single,Close,35300,0,NA,18,1369,789
Old,Male,Own,Married,Far,52000,0,High,18,2545,790
Young,Male,Rent,Single,Close,21300,1,NA,12,329,791
Middle,Male,Own,Single,Close,63700,0,NA,6,1351,792
Old,Female,Own,Married,Close,25900,0,Low,18,582,793
Middle,Male,Rent,Married,Close,65800,2,Medium,18,578,794
Old,Female,Rent,Single,Close,11000,0,NA,24,195,795
Old,Female,Rent,Married,Close,65900,0,High,12,777,796
Middle,Female,Own,Married,Close,108100,1,High,12,1133,797
Middle,Male,Own,Married,Close,107300,2,Medium,18,1566,798
Middle,Female,Rent,Married,Close,79500,0,High,12,1651,799
Middle,Female,Rent,Married,Close,95900,0,NA,24,3168,800
Middle,Male,Rent,Single,Close,45200,1,Medium,18,699,801
Middle,Male,Own,Married,Close,98500,0,High,18,2034,802
Old,Female,Own,Married,Close,96200,0,High,12,1457,803
Young,Male,Rent,Single,Close,17900,0,NA,18,395,804
Middle,Male,Own,Married,Close,42700,0,Medium,6,541,805
Middle,Male,Own,Single,Far,49700,0,High,24,2844,806
Middle,Female,Rent,Single,Close,43000,3,Low,24,225,807
Young,Female,Rent,Single,Close,15500,1,Low,6,210,808
Young,Male,Rent,Single,Close,13000,3,Low,6,43,809
Middle,Female,Rent,Single,Close,27200,3,Low,24,243,810
Old,Female,Own,Married,Close,26700,0,Low,24,1120,811
Old,Male,Own,Single,Far,61000,0,High,6,975,812
Middle,Female,Own,Married,Close,76600,3,NA,24,2904,813
Middle,Male,Own,Married,Close,117500,2,Medium,12,927,814
Old,Male,Own,Married,Close,90600,0,High,24,3167,815
Young,Female,Rent,Single,Far,12600,0,Low,6,241,816
Old,Female,Own,Single,Close,12700,2,Low,6,65,817
Middle,Female,Own,Married,Far,77600,3,Medium,12,858,818
Middle,Female,Rent,Married,Far,92400,1,NA,6,2191,819
Old,Female,Rent,Married,Close,71800,0,High,24,1946,820
Middle,Male,Own,Married,Far,95800,3,NA,12,2581,821
Young,Female,Own,Single,Close,32600,3,Low,12,172,822
Middle,Male,Own,Married,Close,74500,2,Medium,12,824,823
Old,Female,Rent,Single,Close,29200,0,Low,12,556,824
Young,Female,Rent,Single,Far,12900,1,Low,6,167,825
Middle,Male,Rent,Married,Close,117700,1,High,12,2104,826
Middle,Female,Own,Married,Close,64100,1,Medium,18,1332,827
Middle,Female,Rent,Single,Close,46500,1,Medium,24,829,828
Young,Female,Rent,Single,Close,12400,1,NA,12,229,829
Middle,Male,Own,Married,Far,130600,0,High,18,3442,830
Middle,Male,Own,Married,Far,74400,0,High,6,1893,831
Old,Female,Own,Single,Far,40600,2,Medium,6,690,832
Young,Female,Rent,Married,Close,54200,1,Medium,6,486,833
Middle,Male,Own,Single,Far,65400,1,High,12,2290,834
Middle,Male,Rent,Single,Close,49100,0,NA,6,934,835
Young,Female,Rent,Single,Close,10600,2,NA,24,517,836
Young,Female,Rent,Married,Close,76400,0,NA,12,2216,837
Middle,Female,Rent,Married,Close,93700,1,High,24,1521,838
Middle,Male,Rent,Single,Far,49000,0,High,18,1523,839
Middle,Female,Own,Married,Close,96500,1,High,18,1364,840
Middle,Male,Own,Single,Close,55600,0,NA,12,952,841
Middle,Male,Own,Married,Close,99600,1,High,6,871,842
Middle,Female,Own,Married,Close,79900,3,Low,12,295,843
Old,Female,Rent,Married,Close,50500,0,Medium,12,642,844
Old,Female,Own,Single,Far,16300,0,Low,6,317,845
Old,Female,Own,Married,Close,49200,0,Medium,12,1078,846
Middle,Male,Own,Single,Far,48100,2,Medium,18,961,847
Middle,Male,Own,Single,Far,61300,2,High,24,1241,848
Middle,Female,Own,Married,Close,72600,1,NA,18,1999,849
Young,Male,Rent,Single,Far,19500,0,NA,24,571,850
Young,Female,Rent,Single,Close,17200,1,NA,12,329,851
Middle,Male,Rent,Single,Far,51100,0,High,24,1984,852
Middle,Male,Own,Single,Close,76800,1,Medium,18,1061,853
Middle,Male,Own,Single,Far,60200,0,High,12,1955,854
Middle,Male,Rent,Single,Close,59100,2,Low,18,580,855
Old,Female,Own,Single,Close,32500,0,Medium,24,883,856
Middle,Female,Rent,Single,Far,49500,2,Medium,12,1195,857
Middle,Male,Own,Married,Close,109600,1,High,12,2318,858
Young,Female,Rent,Married,Close,47300,0,NA,6,640,859
Middle,Male,Rent,Married,Close,93000,1,High,24,2644,860
Young,Female,Own,Single,Far,32000,1,NA,24,1320,861
Young,Female,Own,Single,Close,44700,1,Medium,6,502,862
Old,Female,Own,Married,Close,69400,0,High,18,2419,863
Middle,Male,Own,Married,Close,64300,2,Medium,6,661,864
Middle,Male,Own,Single,Far,75400,0,High,24,2723,865
Middle,Male,Own,Married,Close,96100,0,High,6,1588,866
Old,Female,Own,Married,Close,118000,3,Low,12,581,867
Young,Male,Rent,Married,Close,69700,1,Medium,12,1432,868
Old,Male,Own,Single,Close,59300,0,Medium,12,929,869
Middle,Female,Rent,Married,Close,88600,3,Low,6,212,870
Middle,Male,Own,Married,Close,102600,0,High,18,2546,871
Middle,Male,Rent,Single,Close,43700,0,NA,18,1344,872
Old,Female,Own,Married,Close,22400,0,NA,24,947,873
Middle,Male,Rent,Married,Far,70500,1,NA,24,2145,874
Middle,Male,Own,Married,Close,54200,1,Medium,6,757,875
Middle,Female,Own,Single,Far,25300,1,NA,6,451,876
Old,Male,Own,Married,Close,116100,1,High,24,2975,877
Young,Female,Rent,Single,Close,15900,0,NA,18,406,878
Middle,Female,Own,Single,Close,46600,3,Low,6,158,879
Young,Male,Own,Single,Close,23200,0,NA,24,534,880
Young,Male,Rent,Single,Close,18200,0,Low,12,401,881
Middle,Female,Own,Married,Close,82700,1,High,18,1753,882
Young,Female,Rent,Single,Close,17000,0,Low,18,659,883
Middle,Male,Own,Married,Close,83000,2,Medium,6,726,884
Young,Female,Own,Married,Close,42400,1,NA,18,1166,885
Old,Male,Own,Single,Close,40200,2,NA,18,1197,886
Young,Female,Rent,Single,Far,17300,0,Low,6,411,887
Middle,Female,Own,Married,Close,109800,1,High,24,2258,888
Middle,Female,Own,Single,Far,64400,3,Medium,24,1913,889
Young,Female,Rent,Single,Far,27600,1,Medium,24,893,890
Young,Female,Rent,Single,Close,25100,1,NA,6,421,891
Middle,Female,Own,Single,Close,46300,3,NA,6,1138,892
Old,Female,Own,Married,Far,74900,0,NA,12,1804,893
Middle,Male,Own,Single,Close,67900,0,High,18,1418,894
Middle,Male,Rent,Married,Close,88500,2,Medium,24,1104,895
Middle,Male,Own,Married,Close,99200,3,NA,12,2796,896
Old,Female,Own,Married,Close,62800,0,High,18,1403,897
Old,Male,Own,Married,Far,76900,2,High,24,3230,898
Middle,Male,Own,Married,Close,84100,3,NA,6,1352,899
Old,Female,Own,Married,Close,77600,0,High,18,2004,900
Young,Female,Rent,Single,Close,19100,1,Low,18,403,901
Old,Female,Own,Married,Far,128700,0,High,24,3995,902
Young,Female,Rent,Single,Far,14400,1,Low,6,390,903
Old,Male,Rent,Married,Close,49600,0,Medium,6,770,904
Middle,Female,Rent,Single,Close,47000,0,NA,6,963,905
Young,Female,Rent,Married,Close,36600,0,Medium,6,833,906
Middle,Female,Own,Single,Close,65800,1,Medium,12,869,907
Middle,Male,Rent,Married,Far,52800,2,Medium,12,926,908
Middle,Male,Own,Married,Close,96500,0,High,24,3780,909
Middle,Female,Rent,Married,Close,63500,1,Medium,18,1023,910
Middle,Male,Rent,Single,Close,60400,1,Medium,6,791,911
Middle,Male,Own,Married,Close,102700,3,NA,12,1473,912
Middle,Male,Own,Married,Close,100100,2,NA,6,1597,913
Middle,Male,Rent,Single,Close,54400,0,Medium,6,1150,914
Middle,Male,Rent,Married,Close,105600,3,Low,6,304,915
Old,Female,Own,Married,Far,57900,0,High,12,1693,916
Young,Male,Own,Single,Close,31500,3,Low,18,269,917
Middle,Female,Rent,Married,Far,60100,1,High,18,1430,918
Middle,Male,Rent,Married,Close,87400,2,NA,18,2729,919
Middle,Male,Own,Married,Close,117900,0,High,6,1760,920
Middle,Male,Own,Single,Close,48800,1,Medium,24,1271,921
Middle,Female,Own,Married,Close,67900,3,Low,12,356,922
Old,Male,Rent,Married,Far,66200,0,NA,6,1024,923
Middle,Male,Rent,Married,Close,88000,2,Medium,6,524,924
Middle,Male,Rent,Married,Close,94200,1,High,18,1211,925
Young,Female,Rent,Single,Close,29200,3,NA,6,636,926
Young,Male,Rent,Single,Far,15300,0,Low,24,645,927
Young,Male,Rent,Single,Far,17500,0,Low,18,472,928
Old,Male,Own,Married,Close,168800,0,High,6,1512,929
Middle,Male,Rent,Single,Far,40200,0,High,18,1634,930
Young,Male,Rent,Single,Close,28400,3,Low,18,182,931
Middle,Male,Rent,Married,Far,72200,3,Medium,18,1042,932
Middle,Female,Own,Single,Far,55200,0,High,18,1714,933
Middle,Female,Rent,Single,Close,44600,0,Medium,18,966,934
Middle,Male,Own,Single,Close,58400,0,Medium,12,829,935
Middle,Female,Own,Single,Close,67800,1,Medium,6,680,936
Old,Female,Own,Single,Close,25500,0,Low,18,636,937
Young,Female,Rent,Single,Far,20000,3,Low,6,182,938
Middle,Male,Rent,Single,Far,52600,1,NA,18,1773,939
Middle,Male,Rent,Married,Far,97600,1,NA,12,2902,940
Old,Male,Own,Married,Close,23400,0,Low,6,348,941
Middle,Female,Own,Married,Close,102500,3,Low,12,548,942
Middle,Female,Own,Married,Far,52300,1,High,18,2034,943
Middle,Male,Rent,Single,Far,65400,0,High,12,2296,944
Young,Male,Rent,Single,Close,19600,0,Low,12,395,945
Old,Male,Own,Married,Far,37000,0,Medium,12,850,946
Young,Female,Rent,Single,Far,13200,0,NA,18,512,947
Middle,Male,Rent,Single,Close,63800,1,Medium,24,1622,948
Old,Female,Rent,Single,Far,22600,0,NA,12,865,949
Old,Female,Own,Single,Close,37300,0,Medium,6,673,950
Young,Male,Rent,Single,Far,14900,1,NA,12,422,951
Middle,Female,Own,Single,Close,36700,1,NA,6,529,952
Middle,Male,Own,Single,Close,63200,0,High,24,1932,953
Old,Male,Own,Married,Close,77300,0,High,18,1853,954
Middle,Male,Rent,Single,Close,43100,1,NA,12,1224,955
Middle,Female,Rent,Single,Far,44800,1,Medium,6,666,956
Old,Female,Rent,Married,Close,70900,0,High,24,1685,957
Middle,Female,Rent,Single,Far,38200,0,Medium,24,1476,958
Young,Female,Rent,Single,Far,18400,1,Low,6,319,959
Middle,Female,Rent,Single,Close,40700,3,Low,18,232,960
Old,Male,Own,Single,Close,71300,0,High,18,1543,961
Middle,Female,Rent,Single,Close,36400,2,Low,18,506,962
Young,Male,Rent,Single,Close,15400,0,Low,6,172,963
Middle,Male,Own,Single,Far,39100,1,Medium,12,1001,964
Middle,Male,Rent,Single,Close,43800,0,Medium,12,606,965
Young,Male,Rent,Single,Far,25300,0,Medium,12,591,966
Old,Male,Rent,Married,Close,71800,0,High,12,1389,967
Middle,Male,Own,Single,Close,73200,0,High,24,2177,968
Middle,Male,Own,Married,Far,79000,1,High,18,2279,969
Middle,Female,Rent,Married,Close,75200,1,NA,24,2702,970
Young,Female,Rent,Single,Close,25300,3,NA,6,510,971
Old,Female,Own,Married,Close,43600,0,Medium,12,1047,972
Middle,Male,Own,Married,Close,83600,2,Medium,6,538,973
Middle,Female,Own,Single,Far,56200,0,High,18,1546,974
Young,Male,Rent,Married,Close,45500,0,Medium,6,754,975
Middle,Male,Own,Married,Close,99300,1,High,12,1504,976
Middle,Male,Own,Married,Far,108000,3,High,24,1849,977
Middle,Female,Own,Married,Far,84900,1,High,24,3072,978
Middle,Male,Own,Married,Far,93000,3,High,6,1046,979
Middle,Female,Own,Married,Close,82000,0,High,18,1800,980
Old,Female,Own,Single,Close,33000,3,NA,6,700,981
Middle,Female,Own,Single,Close,36900,2,Low,24,514,982
Middle,Female,Rent,Single,Close,33200,1,NA,6,320,983
Young,Male,Rent,Married,Close,49300,0,NA,24,1692,984
Old,Male,Rent,Married,Far,66200,0,High,24,2057,985
Middle,Male,Own,Married,Far,96800,2,High,18,2299,986
Old,Male,Own,Single,Close,63200,0,High,24,1507,987
Old,Male,Own,Married,Far,112900,0,High,24,6217,988
Middle,Female,Rent,Single,Close,32100,2,Low,24,405,989
Middle,Male,Own,Married,Far,102700,1,High,18,3785,990
Middle,Male,Own,Married,Close,123800,2,NA,18,3537,991
Old,Female,Rent,Single,Far,11700,0,Low,18,540,992
Middle,Male,Own,Married,Close,101700,1,NA,6,941,993
Middle,Female,Own,Married,Far,99200,0,High,24,5503,994
Young,Male,Rent,Single,Close,17600,0,NA,6,273,995
Young,Female,Rent,Single,Close,19400,1,NA,18,384,996
Middle,Male,Rent,Single,Far,40500,1,NA,18,1073,997
Old,Male,Own,Single,Close,44800,0,Medium,24,1417,998
Middle,Male,Own,Married,Close,79000,2,Medium,18,671,999
Young,Male,Rent,Married,Close,53600,1,Medium,24,973,1000
